test1@gmail.com,peejay,juan,Male,931120245,https://www.facebook.com/Peejayyyyy,https://www.instagram.com/sneakernijuan/?next=%2F,area 1,gate,holy spitiy,quezon city,National Capital Region (NCR),test1@gmail.com,7
test2@gmail.com,peejay,juan,Male,931120245,https://www.facebook.com/Peejayyyyy,https://www.instagram.com/sneakernijuan/?next=%2F,area 1,gate,holy spitiy,quezon city,National Capital Region (NCR),test1@gmail.com,8
test3@gmail.com,peejay,juan,Male,931120245,https://www.facebook.com/Peejayyyyy,https://www.instagram.com/sneakernijuan/?next=%2F,area 1,gate,holy spitiy,quezon city,National Capital Region (NCR),test1@gmail.com,9
test4@gmail.com,peejay,juan,Male,931120245,https://www.facebook.com/Peejayyyyy,https://www.instagram.com/sneakernijuan/?next=%2F,area 1,gate,holy spitiy,quezon city,National Capital Region (NCR),test1@gmail.com,10
test5@gmail.com,peejay,juan,Male,931120245,https://www.facebook.com/Peejayyyyy,https://www.instagram.com/sneakernijuan/?next=%2F,area 1,gate,holy spitiy,quezon city,National Capital Region (NCR),test1@gmail.com,10
test6@gmail.com,peejay,juan,Male,931120245,https://www.facebook.com/Peejayyyyy,https://www.instagram.com/sneakernijuan/?next=%2F,area 1,gate,holy spitiy,quezon city,National Capital Region (NCR),test1@gmail.com,9
test7@gmail.com,peejay,juan,Male,931120245,https://www.facebook.com/Peejayyyyy,https://www.instagram.com/sneakernijuan/?next=%2F,area 1,gate,holy spitiy,quezon city,National Capital Region (NCR),test1@gmail.com,8
test8@gmail.com,peejay,juan,Male,931120245,https://www.facebook.com/Peejayyyyy,https://www.instagram.com/sneakernijuan/?next=%2F,area 1,gate,holy spitiy,quezon city,National Capital Region (NCR),test1@gmail.com,7
test9@gmail.com,peejay,juan,Male,931120245,https://www.facebook.com/Peejayyyyy,https://www.instagram.com/sneakernijuan/?next=%2F,area 1,gate,holy spitiy,quezon city,National Capital Region (NCR),test1@gmail.com,7
test10@gmail.com,peejay,juan,Male,931120245,https://www.facebook.com/Peejayyyyy,https://www.instagram.com/sneakernijuan/?next=%2F,area 1,gate,holy spitiy,quezon city,National Capital Region (NCR),test1@gmail.com,7
